{
	"employees":[
		{
			"id":"1",
			"name":"atul",
			"designation":"Java Developer",
			"technologies":["Java"],
			"skills":["React Developer","Java Developer"],
			"experience":"18",
			"base_location":["Indore"],
			"open_to_relocate":"Yes"
		},
		{
			"id":"2",
			"name":"Rahul",
			"designation":"React Developer",
			"technologies":["React","Java"],
			"skills":["Java Developer"],
			"experience":"10",
			"base_location":["Pune"],
			"open_to_relocate":"Yes"
		},
		{
			"id":"3",
			"name":"Sunil",
			"designation":"Php Developer",
			"technologies":["Php", "React"],
			"skills":["Php Developer"],
			"experience":"11",
			"base_location":["Mumbai"],
			"open_to_relocate":"Yes"
		},
		{
			"id":"4",
			"name":"Amit",
			"designation":"UI Specialist",
			"technologies":["XD"],
			"skills":["UX Developer"],
			"experience":"05",
			"base_location":["Pune"],
			"open_to_relocate":"Yes"
		},
		{
			"id":"5",
			"name":"Kapil",
			"designation":"UI Specialist",
			"technologies":["Photoshop"],
			"skills":["UI Developer"],
			"experience":"03",
			"base_location":["Pune"],
			"open_to_relocate":"Yes"
		}
]
}